episode,question,response,reasoning_quality,spike_detected,cycle_count,converged,retrieved_documents,graph_metrics,conflicts,timestamp
1,How does machine learning work in practice?,This question involves analyzing the relationships between different concepts and principles. A systematic approach helps in understanding the key factors involved.,0.27073091252715287,False,0,False,0,{},{},1750188148.903502
2,What are the limitations of neural networks?,This question involves analyzing the relationships between different concepts and principles. A systematic approach helps in understanding the key factors involved.,0.24526062820299144,False,0,False,0,{},{},1750188148.9052968
3,How does quantum computing relate to artificial intelligence?,This question involves analyzing the relationships between different concepts and principles. A systematic approach helps in understanding the key factors involved.,0.25600868598528337,False,0,False,0,{},{},1750188148.9061272
4,What advances have been made in artificial intelligence recently?,This involves understanding the fundamental principles and how they apply in various scenarios.,0.25690056723721355,False,0,False,0,{},{},1750188148.906882
5,How can data science be applied to solve real-world problems?,This involves understanding the fundamental principles and how they apply in various scenarios.,0.24077469745735192,False,0,False,0,{},{},1750188148.907655
6,What are the ethical implications of computer vision?,The topic requires examining multiple perspectives and considering how different elements interact within the broader context.,0.26230265997367663,False,0,False,0,{},{},1750188148.908185
7,How does natural language processing compare to traditional approaches?,The topic requires examining multiple perspectives and considering how different elements interact within the broader context.,0.23537562121134079,False,0,False,0,{},{},1750188148.908684
8,What mathematical principles underlie robotics?,This question involves analyzing the relationships between different concepts and principles. A systematic approach helps in understanding the key factors involved.,0.28,False,0,False,0,{},{},1750188148.909201
9,How might deep learning evolve in the next decade?,This involves understanding the fundamental principles and how they apply in various scenarios.,0.270669056333808,False,0,False,0,{},{},1750188148.9097018
10,What are the computational requirements for reinforcement learning?,This question involves analyzing the relationships between different concepts and principles. A systematic approach helps in understanding the key factors involved.,0.2413171352167364,False,0,False,0,{},{},1750188148.91017
11,How does machine learning work in practice?,This question involves analyzing the relationships between different concepts and principles. A systematic approach helps in understanding the key factors involved.,0.24120466181936995,False,0,False,0,{},{},1750188148.910634
12,What are the limitations of neural networks?,This question involves analyzing the relationships between different concepts and principles. A systematic approach helps in understanding the key factors involved.,0.2530813429335852,False,0,False,0,{},{},1750188148.9110951
13,How does quantum computing relate to artificial intelligence?,This involves understanding the fundamental principles and how they apply in various scenarios.,0.2786681803916961,False,0,False,0,{},{},1750188148.911571
14,What advances have been made in artificial intelligence recently?,This question involves analyzing the relationships between different concepts and principles. A systematic approach helps in understanding the key factors involved.,0.2757762682330457,False,0,False,0,{},{},1750188148.912268
15,How can data science be applied to solve real-world problems?,This involves understanding the fundamental principles and how they apply in various scenarios.,0.2702832605308182,False,0,False,0,{},{},1750188148.912732
16,What are the ethical implications of computer vision?,This involves understanding the fundamental principles and how they apply in various scenarios.,0.265018580075321,False,0,False,0,{},{},1750188148.913392
17,How does natural language processing compare to traditional approaches?,This question involves analyzing the relationships between different concepts and principles. A systematic approach helps in understanding the key factors involved.,0.23035175855747708,False,0,False,0,{},{},1750188148.9143538
18,What mathematical principles underlie robotics?,The topic requires examining multiple perspectives and considering how different elements interact within the broader context.,0.2432574232884594,False,0,False,0,{},{},1750188148.9149382
19,How might deep learning evolve in the next decade?,The topic requires examining multiple perspectives and considering how different elements interact within the broader context.,0.2710805129890528,False,0,False,0,{},{},1750188148.9154801
20,What are the computational requirements for reinforcement learning?,This involves understanding the fundamental principles and how they apply in various scenarios.,0.2778876260842749,False,0,False,0,{},{},1750188148.9159591
21,How does machine learning work in practice?,This question involves analyzing the relationships between different concepts and principles. A systematic approach helps in understanding the key factors involved.,0.2606217311051705,False,0,False,0,{},{},1750188148.916464
22,What are the limitations of neural networks?,This question involves analyzing the relationships between different concepts and principles. A systematic approach helps in understanding the key factors involved.,0.24452765976436286,False,0,False,0,{},{},1750188148.917142
23,How does quantum computing relate to artificial intelligence?,The topic requires examining multiple perspectives and considering how different elements interact within the broader context.,0.2481619232656864,False,0,False,0,{},{},1750188148.9176269
24,What advances have been made in artificial intelligence recently?,The topic requires examining multiple perspectives and considering how different elements interact within the broader context.,0.2690183598664561,False,0,False,0,{},{},1750188148.918101
25,How can data science be applied to solve real-world problems?,The topic requires examining multiple perspectives and considering how different elements interact within the broader context.,0.2278968316930482,False,0,False,0,{},{},1750188148.9185731
26,What are the ethical implications of computer vision?,The topic requires examining multiple perspectives and considering how different elements interact within the broader context.,0.26543568868441514,False,0,False,0,{},{},1750188148.919042
27,How does natural language processing compare to traditional approaches?,This question involves analyzing the relationships between different concepts and principles. A systematic approach helps in understanding the key factors involved.,0.28,False,0,False,0,{},{},1750188148.919518
28,What mathematical principles underlie robotics?,The topic requires examining multiple perspectives and considering how different elements interact within the broader context.,0.23614334217420696,False,0,False,0,{},{},1750188148.919989
29,How might deep learning evolve in the next decade?,The topic requires examining multiple perspectives and considering how different elements interact within the broader context.,0.23476317931031174,False,0,False,0,{},{},1750188148.920457
30,What are the computational requirements for reinforcement learning?,The topic requires examining multiple perspectives and considering how different elements interact within the broader context.,0.2410593132729489,False,0,False,0,{},{},1750188148.921026
31,How does machine learning work in practice?,The topic requires examining multiple perspectives and considering how different elements interact within the broader context.,0.2639882855747285,False,0,False,0,{},{},1750188148.921636
32,What are the limitations of neural networks?,This involves understanding the fundamental principles and how they apply in various scenarios.,0.25864882830751723,False,0,False,0,{},{},1750188148.922199
33,How does quantum computing relate to artificial intelligence?,This question involves analyzing the relationships between different concepts and principles. A systematic approach helps in understanding the key factors involved.,0.2415566046000869,False,0,False,0,{},{},1750188148.922844
34,What advances have been made in artificial intelligence recently?,This involves understanding the fundamental principles and how they apply in various scenarios.,0.24319170376696603,False,0,False,0,{},{},1750188148.923511
35,How can data science be applied to solve real-world problems?,This involves understanding the fundamental principles and how they apply in various scenarios.,0.2735168687378326,False,0,False,0,{},{},1750188148.9241102
36,What are the ethical implications of computer vision?,The topic requires examining multiple perspectives and considering how different elements interact within the broader context.,0.27783671461713705,False,0,False,0,{},{},1750188148.92469
37,How does natural language processing compare to traditional approaches?,The topic requires examining multiple perspectives and considering how different elements interact within the broader context.,0.24513172323788007,False,0,False,0,{},{},1750188148.925272
38,What mathematical principles underlie robotics?,This involves understanding the fundamental principles and how they apply in various scenarios.,0.24911115463209899,False,0,False,0,{},{},1750188148.925906
39,How might deep learning evolve in the next decade?,The topic requires examining multiple perspectives and considering how different elements interact within the broader context.,0.2729164187346388,False,0,False,0,{},{},1750188148.926552
40,What are the computational requirements for reinforcement learning?,The topic requires examining multiple perspectives and considering how different elements interact within the broader context.,0.25929335828060956,False,0,False,0,{},{},1750188148.927088
41,How does machine learning work in practice?,The topic requires examining multiple perspectives and considering how different elements interact within the broader context.,0.25992114102809183,False,0,False,0,{},{},1750188148.927588
42,What are the limitations of neural networks?,This question involves analyzing the relationships between different concepts and principles. A systematic approach helps in understanding the key factors involved.,0.2652289485500726,False,0,False,0,{},{},1750188148.928085
43,How does quantum computing relate to artificial intelligence?,The topic requires examining multiple perspectives and considering how different elements interact within the broader context.,0.28,False,0,False,0,{},{},1750188148.9285939
44,What advances have been made in artificial intelligence recently?,This involves understanding the fundamental principles and how they apply in various scenarios.,0.28,False,0,False,0,{},{},1750188148.929108
45,How can data science be applied to solve real-world problems?,This involves understanding the fundamental principles and how they apply in various scenarios.,0.2779305059028596,False,0,False,0,{},{},1750188148.929822
46,What are the ethical implications of computer vision?,This question involves analyzing the relationships between different concepts and principles. A systematic approach helps in understanding the key factors involved.,0.25077299131579456,False,0,False,0,{},{},1750188148.930648
47,How does natural language processing compare to traditional approaches?,This involves understanding the fundamental principles and how they apply in various scenarios.,0.2756169821728409,False,0,False,0,{},{},1750188148.931456
48,What mathematical principles underlie robotics?,This involves understanding the fundamental principles and how they apply in various scenarios.,0.2745909243961328,False,0,False,0,{},{},1750188148.9321458
49,How might deep learning evolve in the next decade?,The topic requires examining multiple perspectives and considering how different elements interact within the broader context.,0.26092888870948916,False,0,False,0,{},{},1750188148.932826
50,What are the computational requirements for reinforcement learning?,This question involves analyzing the relationships between different concepts and principles. A systematic approach helps in understanding the key factors involved.,0.25211851164658217,False,0,False,0,{},{},1750188148.933687
