id,text,research_area,activity_type,domain,complexity,timestamp
1,"Recent research in Large Language Models achieves breakthrough performance on medical diagnosis, showing promising results with practical implications for real-world deployment.",Large Language Models,achieves breakthrough performance on,medical diagnosis,basic,2025-06-19T03:58:14.268488
2,"Recent research in Computer Vision introduces novel architecture for autonomous systems, showing promising results with practical implications for real-world deployment.",Computer Vision,introduces novel architecture for,autonomous systems,basic,2025-06-19T03:58:14.268536
3,"Recent research in Natural Language Processing demonstrates significant improvements in natural language understanding, showing promising results with practical implications for real-world deployment.",Natural Language Processing,demonstrates significant improvements in,natural language understanding,basic,2025-06-19T03:58:14.268540
4,"Recent research in Reinforcement Learning reveals new insights about computer vision, showing promising results with practical implications for real-world deployment.",Reinforcement Learning,reveals new insights about,computer vision,basic,2025-06-19T03:58:14.268543
5,"Recent research in Graph Neural Networks establishes new benchmarks for robotics, showing promising results with practical implications for real-world deployment.",Graph Neural Networks,establishes new benchmarks for,robotics,basic,2025-06-19T03:58:14.268547
6,"Recent research in Federated Learning proposes innovative approach to cybersecurity, showing promising results with practical implications for real-world deployment.",Federated Learning,proposes innovative approach to,cybersecurity,basic,2025-06-19T03:58:14.268550
7,"Recent research in Explainable AI discovers unexpected connections in climate modeling, showing promising results with practical implications for real-world deployment.",Explainable AI,discovers unexpected connections in,climate modeling,basic,2025-06-19T03:58:14.268553
8,"Recent research in Multimodal Learning enables practical applications of drug discovery, showing promising results with practical implications for real-world deployment.",Multimodal Learning,enables practical applications of,drug discovery,basic,2025-06-19T03:58:14.268564
9,"Recent research in Few-shot Learning solves long-standing challenges in financial prediction, showing promising results with practical implications for real-world deployment.",Few-shot Learning,solves long-standing challenges in,financial prediction,basic,2025-06-19T03:58:14.268568
10,"Recent research in Transfer Learning creates new paradigm for educational technology, showing promising results with practical implications for real-world deployment.",Transfer Learning,creates new paradigm for,educational technology,basic,2025-06-19T03:58:14.268571
11,"Recent research in Meta-Learning bridges the gap between theory and practice in smart cities, showing promising results with practical implications for real-world deployment.",Meta-Learning,bridges the gap between theory and practice in,smart cities,basic,2025-06-19T03:58:14.268574
12,"Recent research in Adversarial Learning unveils hidden patterns within industrial automation, showing promising results with practical implications for real-world deployment.",Adversarial Learning,unveils hidden patterns within,industrial automation,basic,2025-06-19T03:58:14.268577
13,"Recent research in Quantum Computing revolutionizes understanding of healthcare AI, showing promising results with practical implications for real-world deployment.",Quantum Computing,revolutionizes understanding of,healthcare AI,basic,2025-06-19T03:58:14.268583
14,"Recent research in Neuromorphic Computing provides robust solution for agricultural technology, showing promising results with practical implications for real-world deployment.",Neuromorphic Computing,provides robust solution for,agricultural technology,basic,2025-06-19T03:58:14.268586
15,"Recent research in Edge AI achieves breakthrough performance on space exploration, showing promising results with practical implications for real-world deployment.",Edge AI,achieves breakthrough performance on,space exploration,basic,2025-06-19T03:58:14.268589
16,"Recent research in Causal Inference introduces novel architecture for biomedical research, showing promising results with practical implications for real-world deployment.",Causal Inference,introduces novel architecture for,biomedical research,basic,2025-06-19T03:58:14.268594
17,"Recent research in Continual Learning demonstrates significant improvements in environmental monitoring, showing promising results with practical implications for real-world deployment.",Continual Learning,demonstrates significant improvements in,environmental monitoring,basic,2025-06-19T03:58:14.268596
18,"Recent research in Self-Supervised Learning reveals new insights about social network analysis, showing promising results with practical implications for real-world deployment.",Self-Supervised Learning,reveals new insights about,social network analysis,basic,2025-06-19T03:58:14.268602
19,"Recent research in Large Language Models establishes new benchmarks for genome analysis, showing promising results with practical implications for real-world deployment.",Large Language Models,establishes new benchmarks for,genome analysis,basic,2025-06-19T03:58:14.268608
20,"Recent research in Computer Vision proposes innovative approach to material science, showing promising results with practical implications for real-world deployment.",Computer Vision,proposes innovative approach to,material science,basic,2025-06-19T03:58:14.268611
21,"Recent research in Natural Language Processing discovers unexpected connections in energy optimization, showing promising results with practical implications for real-world deployment.",Natural Language Processing,discovers unexpected connections in,energy optimization,basic,2025-06-19T03:58:14.268613
22,"Recent research in Reinforcement Learning enables practical applications of medical diagnosis, showing promising results with practical implications for real-world deployment.",Reinforcement Learning,enables practical applications of,medical diagnosis,basic,2025-06-19T03:58:14.268616
23,"Recent research in Graph Neural Networks solves long-standing challenges in autonomous systems, showing promising results with practical implications for real-world deployment.",Graph Neural Networks,solves long-standing challenges in,autonomous systems,basic,2025-06-19T03:58:14.268619
24,"Recent research in Federated Learning creates new paradigm for natural language understanding, showing promising results with practical implications for real-world deployment.",Federated Learning,creates new paradigm for,natural language understanding,basic,2025-06-19T03:58:14.268622
25,"Recent research in Explainable AI bridges the gap between theory and practice in computer vision, showing promising results with practical implications for real-world deployment.",Explainable AI,bridges the gap between theory and practice in,computer vision,basic,2025-06-19T03:58:14.268624
26,"Recent research in Multimodal Learning unveils hidden patterns within robotics, showing promising results with practical implications for real-world deployment.",Multimodal Learning,unveils hidden patterns within,robotics,basic,2025-06-19T03:58:14.268627
27,"Recent research in Few-shot Learning revolutionizes understanding of cybersecurity, showing promising results with practical implications for real-world deployment.",Few-shot Learning,revolutionizes understanding of,cybersecurity,basic,2025-06-19T03:58:14.268630
28,"Recent research in Transfer Learning provides robust solution for climate modeling, showing promising results with practical implications for real-world deployment.",Transfer Learning,provides robust solution for,climate modeling,basic,2025-06-19T03:58:14.268632
29,"Recent research in Meta-Learning achieves breakthrough performance on drug discovery, showing promising results with practical implications for real-world deployment.",Meta-Learning,achieves breakthrough performance on,drug discovery,basic,2025-06-19T03:58:14.268635
30,"Recent research in Adversarial Learning introduces novel architecture for financial prediction, showing promising results with practical implications for real-world deployment.",Adversarial Learning,introduces novel architecture for,financial prediction,basic,2025-06-19T03:58:14.268639
31,"Recent research in Quantum Computing demonstrates significant improvements in educational technology, showing promising results with practical implications for real-world deployment.",Quantum Computing,demonstrates significant improvements in,educational technology,basic,2025-06-19T03:58:14.268642
32,"Recent research in Neuromorphic Computing reveals new insights about smart cities, showing promising results with practical implications for real-world deployment.",Neuromorphic Computing,reveals new insights about,smart cities,basic,2025-06-19T03:58:14.268646
33,"Recent research in Edge AI establishes new benchmarks for industrial automation, showing promising results with practical implications for real-world deployment.",Edge AI,establishes new benchmarks for,industrial automation,basic,2025-06-19T03:58:14.268649
34,"Recent research in Causal Inference proposes innovative approach to healthcare AI, showing promising results with practical implications for real-world deployment.",Causal Inference,proposes innovative approach to,healthcare AI,basic,2025-06-19T03:58:14.268656
35,"Recent research in Continual Learning discovers unexpected connections in agricultural technology, showing promising results with practical implications for real-world deployment.",Continual Learning,discovers unexpected connections in,agricultural technology,basic,2025-06-19T03:58:14.268658
36,"Recent research in Self-Supervised Learning enables practical applications of space exploration, showing promising results with practical implications for real-world deployment.",Self-Supervised Learning,enables practical applications of,space exploration,basic,2025-06-19T03:58:14.268661
37,"Recent research in Large Language Models solves long-standing challenges in biomedical research, showing promising results with practical implications for real-world deployment.",Large Language Models,solves long-standing challenges in,biomedical research,basic,2025-06-19T03:58:14.268664
38,"Recent research in Computer Vision creates new paradigm for environmental monitoring, showing promising results with practical implications for real-world deployment.",Computer Vision,creates new paradigm for,environmental monitoring,basic,2025-06-19T03:58:14.268667
39,"Recent research in Natural Language Processing bridges the gap between theory and practice in social network analysis, showing promising results with practical implications for real-world deployment.",Natural Language Processing,bridges the gap between theory and practice in,social network analysis,basic,2025-06-19T03:58:14.268669
40,"Recent research in Reinforcement Learning unveils hidden patterns within genome analysis, showing promising results with practical implications for real-world deployment.",Reinforcement Learning,unveils hidden patterns within,genome analysis,basic,2025-06-19T03:58:14.268672
41,"Recent research in Graph Neural Networks revolutionizes understanding of material science, showing promising results with practical implications for real-world deployment.",Graph Neural Networks,revolutionizes understanding of,material science,basic,2025-06-19T03:58:14.268675
42,"Recent research in Federated Learning provides robust solution for energy optimization, showing promising results with practical implications for real-world deployment.",Federated Learning,provides robust solution for,energy optimization,basic,2025-06-19T03:58:14.268682
43,"Recent research in Explainable AI achieves breakthrough performance on medical diagnosis, showing promising results with practical implications for real-world deployment.",Explainable AI,achieves breakthrough performance on,medical diagnosis,basic,2025-06-19T03:58:14.268685
44,"Recent research in Multimodal Learning introduces novel architecture for autonomous systems, showing promising results with practical implications for real-world deployment.",Multimodal Learning,introduces novel architecture for,autonomous systems,basic,2025-06-19T03:58:14.268688
45,"Recent research in Few-shot Learning demonstrates significant improvements in natural language understanding, showing promising results with practical implications for real-world deployment.",Few-shot Learning,demonstrates significant improvements in,natural language understanding,basic,2025-06-19T03:58:14.268690
46,"Recent research in Transfer Learning reveals new insights about computer vision, showing promising results with practical implications for real-world deployment.",Transfer Learning,reveals new insights about,computer vision,basic,2025-06-19T03:58:14.268693
47,"Recent research in Meta-Learning establishes new benchmarks for robotics, showing promising results with practical implications for real-world deployment.",Meta-Learning,establishes new benchmarks for,robotics,basic,2025-06-19T03:58:14.268696
48,"Recent research in Adversarial Learning proposes innovative approach to cybersecurity, showing promising results with practical implications for real-world deployment.",Adversarial Learning,proposes innovative approach to,cybersecurity,basic,2025-06-19T03:58:14.268699
49,"Recent research in Quantum Computing discovers unexpected connections in climate modeling, showing promising results with practical implications for real-world deployment.",Quantum Computing,discovers unexpected connections in,climate modeling,basic,2025-06-19T03:58:14.268704
50,"Recent research in Neuromorphic Computing enables practical applications of drug discovery, showing promising results with practical implications for real-world deployment.",Neuromorphic Computing,enables practical applications of,drug discovery,basic,2025-06-19T03:58:14.268707
51,"Recent research in Edge AI solves long-standing challenges in financial prediction, showing promising results with practical implications for real-world deployment.",Edge AI,solves long-standing challenges in,financial prediction,basic,2025-06-19T03:58:14.268712
52,"Recent research in Causal Inference creates new paradigm for educational technology, showing promising results with practical implications for real-world deployment.",Causal Inference,creates new paradigm for,educational technology,basic,2025-06-19T03:58:14.268717
53,"Recent research in Continual Learning bridges the gap between theory and practice in smart cities, showing promising results with practical implications for real-world deployment.",Continual Learning,bridges the gap between theory and practice in,smart cities,basic,2025-06-19T03:58:14.268720
54,"Recent research in Self-Supervised Learning unveils hidden patterns within industrial automation, showing promising results with practical implications for real-world deployment.",Self-Supervised Learning,unveils hidden patterns within,industrial automation,basic,2025-06-19T03:58:14.268726
55,"Recent research in Large Language Models revolutionizes understanding of healthcare AI, showing promising results with practical implications for real-world deployment.",Large Language Models,revolutionizes understanding of,healthcare AI,basic,2025-06-19T03:58:14.268729
56,"Recent research in Computer Vision provides robust solution for agricultural technology, showing promising results with practical implications for real-world deployment.",Computer Vision,provides robust solution for,agricultural technology,basic,2025-06-19T03:58:14.268732
57,"Recent research in Natural Language Processing achieves breakthrough performance on space exploration, showing promising results with practical implications for real-world deployment.",Natural Language Processing,achieves breakthrough performance on,space exploration,basic,2025-06-19T03:58:14.268735
58,"Recent research in Reinforcement Learning introduces novel architecture for biomedical research, showing promising results with practical implications for real-world deployment.",Reinforcement Learning,introduces novel architecture for,biomedical research,basic,2025-06-19T03:58:14.268737
59,"Recent research in Graph Neural Networks demonstrates significant improvements in environmental monitoring, showing promising results with practical implications for real-world deployment.",Graph Neural Networks,demonstrates significant improvements in,environmental monitoring,basic,2025-06-19T03:58:14.268740
60,"Recent research in Federated Learning reveals new insights about social network analysis, showing promising results with practical implications for real-world deployment.",Federated Learning,reveals new insights about,social network analysis,basic,2025-06-19T03:58:14.268743
61,"Recent research in Explainable AI establishes new benchmarks for genome analysis, showing promising results with practical implications for real-world deployment.",Explainable AI,establishes new benchmarks for,genome analysis,basic,2025-06-19T03:58:14.268746
62,"Recent research in Multimodal Learning proposes innovative approach to material science, showing promising results with practical implications for real-world deployment.",Multimodal Learning,proposes innovative approach to,material science,basic,2025-06-19T03:58:14.268748
63,"Recent research in Few-shot Learning discovers unexpected connections in energy optimization, showing promising results with practical implications for real-world deployment.",Few-shot Learning,discovers unexpected connections in,energy optimization,basic,2025-06-19T03:58:14.268751
64,"Recent research in Transfer Learning enables practical applications of medical diagnosis, showing promising results with practical implications for real-world deployment.",Transfer Learning,enables practical applications of,medical diagnosis,basic,2025-06-19T03:58:14.268754
65,"Recent research in Meta-Learning solves long-standing challenges in autonomous systems, showing promising results with practical implications for real-world deployment.",Meta-Learning,solves long-standing challenges in,autonomous systems,basic,2025-06-19T03:58:14.268756
66,"Recent research in Adversarial Learning creates new paradigm for natural language understanding, showing promising results with practical implications for real-world deployment.",Adversarial Learning,creates new paradigm for,natural language understanding,basic,2025-06-19T03:58:14.268764
67,"Recent research in Quantum Computing bridges the gap between theory and practice in computer vision, showing promising results with practical implications for real-world deployment.",Quantum Computing,bridges the gap between theory and practice in,computer vision,basic,2025-06-19T03:58:14.268767
68,"Recent research in Neuromorphic Computing unveils hidden patterns within robotics, showing promising results with practical implications for real-world deployment.",Neuromorphic Computing,unveils hidden patterns within,robotics,basic,2025-06-19T03:58:14.268770
69,"Recent research in Edge AI revolutionizes understanding of cybersecurity, showing promising results with practical implications for real-world deployment.",Edge AI,revolutionizes understanding of,cybersecurity,basic,2025-06-19T03:58:14.268775
70,"Recent research in Causal Inference provides robust solution for climate modeling, showing promising results with practical implications for real-world deployment.",Causal Inference,provides robust solution for,climate modeling,basic,2025-06-19T03:58:14.268778
71,"Recent research in Continual Learning achieves breakthrough performance on drug discovery, showing promising results with practical implications for real-world deployment.",Continual Learning,achieves breakthrough performance on,drug discovery,basic,2025-06-19T03:58:14.268780
72,"Recent research in Self-Supervised Learning introduces novel architecture for financial prediction, showing promising results with practical implications for real-world deployment.",Self-Supervised Learning,introduces novel architecture for,financial prediction,basic,2025-06-19T03:58:14.268785
73,"Recent research in Large Language Models demonstrates significant improvements in educational technology, showing promising results with practical implications for real-world deployment.",Large Language Models,demonstrates significant improvements in,educational technology,basic,2025-06-19T03:58:14.268788
74,"Recent research in Computer Vision reveals new insights about smart cities, showing promising results with practical implications for real-world deployment.",Computer Vision,reveals new insights about,smart cities,basic,2025-06-19T03:58:14.268791
75,"Recent research in Natural Language Processing establishes new benchmarks for industrial automation, showing promising results with practical implications for real-world deployment.",Natural Language Processing,establishes new benchmarks for,industrial automation,basic,2025-06-19T03:58:14.268794
76,"Recent research in Reinforcement Learning proposes innovative approach to healthcare AI, showing promising results with practical implications for real-world deployment.",Reinforcement Learning,proposes innovative approach to,healthcare AI,basic,2025-06-19T03:58:14.268796
77,"Recent research in Graph Neural Networks discovers unexpected connections in agricultural technology, showing promising results with practical implications for real-world deployment.",Graph Neural Networks,discovers unexpected connections in,agricultural technology,basic,2025-06-19T03:58:14.268799
78,"Recent research in Federated Learning enables practical applications of space exploration, showing promising results with practical implications for real-world deployment.",Federated Learning,enables practical applications of,space exploration,basic,2025-06-19T03:58:14.268805
79,"Recent research in Explainable AI solves long-standing challenges in biomedical research, showing promising results with practical implications for real-world deployment.",Explainable AI,solves long-standing challenges in,biomedical research,basic,2025-06-19T03:58:14.268808
80,"Recent research in Multimodal Learning creates new paradigm for environmental monitoring, showing promising results with practical implications for real-world deployment.",Multimodal Learning,creates new paradigm for,environmental monitoring,basic,2025-06-19T03:58:14.268813
81,"Recent research in Few-shot Learning bridges the gap between theory and practice in social network analysis, showing promising results with practical implications for real-world deployment.",Few-shot Learning,bridges the gap between theory and practice in,social network analysis,basic,2025-06-19T03:58:14.268816
82,"Recent research in Transfer Learning unveils hidden patterns within genome analysis, showing promising results with practical implications for real-world deployment.",Transfer Learning,unveils hidden patterns within,genome analysis,basic,2025-06-19T03:58:14.268818
83,"Recent research in Meta-Learning revolutionizes understanding of material science, showing promising results with practical implications for real-world deployment.",Meta-Learning,revolutionizes understanding of,material science,basic,2025-06-19T03:58:14.268821
84,"Recent research in Adversarial Learning provides robust solution for energy optimization, showing promising results with practical implications for real-world deployment.",Adversarial Learning,provides robust solution for,energy optimization,basic,2025-06-19T03:58:14.268824
85,"Recent research in Quantum Computing achieves breakthrough performance on medical diagnosis, showing promising results with practical implications for real-world deployment.",Quantum Computing,achieves breakthrough performance on,medical diagnosis,basic,2025-06-19T03:58:14.268826
86,"Recent research in Neuromorphic Computing introduces novel architecture for autonomous systems, showing promising results with practical implications for real-world deployment.",Neuromorphic Computing,introduces novel architecture for,autonomous systems,basic,2025-06-19T03:58:14.268829
87,"Recent research in Edge AI demonstrates significant improvements in natural language understanding, showing promising results with practical implications for real-world deployment.",Edge AI,demonstrates significant improvements in,natural language understanding,basic,2025-06-19T03:58:14.268832
88,"Recent research in Causal Inference reveals new insights about computer vision, showing promising results with practical implications for real-world deployment.",Causal Inference,reveals new insights about,computer vision,basic,2025-06-19T03:58:14.268837
89,"Recent research in Continual Learning establishes new benchmarks for robotics, showing promising results with practical implications for real-world deployment.",Continual Learning,establishes new benchmarks for,robotics,basic,2025-06-19T03:58:14.268840
90,"Recent research in Self-Supervised Learning proposes innovative approach to cybersecurity, showing promising results with practical implications for real-world deployment.",Self-Supervised Learning,proposes innovative approach to,cybersecurity,basic,2025-06-19T03:58:14.268843
91,"Recent research in Large Language Models discovers unexpected connections in climate modeling, showing promising results with practical implications for real-world deployment.",Large Language Models,discovers unexpected connections in,climate modeling,basic,2025-06-19T03:58:14.268845
92,"Recent research in Computer Vision enables practical applications of drug discovery, showing promising results with practical implications for real-world deployment.",Computer Vision,enables practical applications of,drug discovery,basic,2025-06-19T03:58:14.268848
93,"Recent research in Natural Language Processing solves long-standing challenges in financial prediction, showing promising results with practical implications for real-world deployment.",Natural Language Processing,solves long-standing challenges in,financial prediction,basic,2025-06-19T03:58:14.268851
94,"Recent research in Reinforcement Learning creates new paradigm for educational technology, showing promising results with practical implications for real-world deployment.",Reinforcement Learning,creates new paradigm for,educational technology,basic,2025-06-19T03:58:14.268854
95,"Recent research in Graph Neural Networks bridges the gap between theory and practice in smart cities, showing promising results with practical implications for real-world deployment.",Graph Neural Networks,bridges the gap between theory and practice in,smart cities,basic,2025-06-19T03:58:14.268857
96,"Recent research in Federated Learning unveils hidden patterns within industrial automation, showing promising results with practical implications for real-world deployment.",Federated Learning,unveils hidden patterns within,industrial automation,basic,2025-06-19T03:58:14.268860
97,"Recent research in Explainable AI revolutionizes understanding of healthcare AI, showing promising results with practical implications for real-world deployment.",Explainable AI,revolutionizes understanding of,healthcare AI,basic,2025-06-19T03:58:14.268862
98,"Recent research in Multimodal Learning provides robust solution for agricultural technology, showing promising results with practical implications for real-world deployment.",Multimodal Learning,provides robust solution for,agricultural technology,basic,2025-06-19T03:58:14.268865
99,"Recent research in Few-shot Learning achieves breakthrough performance on space exploration, showing promising results with practical implications for real-world deployment.",Few-shot Learning,achieves breakthrough performance on,space exploration,basic,2025-06-19T03:58:14.268868
100,"Recent research in Transfer Learning introduces novel architecture for biomedical research, showing promising results with practical implications for real-world deployment.",Transfer Learning,introduces novel architecture for,biomedical research,basic,2025-06-19T03:58:14.268870
