test_id,system,response,response_time,correctness_score,completeness_score,reasoning_depth_score,insight_quality_score,transformation_cycles,insights_discovered,spike_detected
sci_001,baseline_llm,"This is a baseline response to: Why does water expand when it freezes, unlike most other substances?. Without additional context, I can only provide a general answer based on my training data.",0.5,0.3,0.2,0.25,0.1,,,
sci_001,rag,"Based on retrieved information: , here's my answer to 'Why does water expand when it freezes, unlike most other substances?'. The RAG system found relevant context.",0.8,0.5,0.4,0.45,0.3,,,
sci_001,insightspike,"Through query transformation and graph exploration, I discovered key insights about Why does water expand when it freezes, unlike most other substances?. Discovered: Hydrogen bonding creates open hexagonal structure Discovered: Ordered structure takes more space than random liquid arrangement. This demonstrates emergent understanding through knowledge synthesis.",1.2,0.8,0.75,0.85,0.9,7.0,2.0,True
sci_002,baseline_llm,"This is a baseline response to: How do quantum tunneling and classical diffusion differ in their mechanisms?. Without additional context, I can only provide a general answer based on my training data.",0.5,0.3,0.2,0.25,0.1,,,
sci_002,rag,"Based on retrieved information: , here's my answer to 'How do quantum tunneling and classical diffusion differ in their mechanisms?'. The RAG system found relevant context.",0.8,0.5,0.4,0.45,0.3,,,
sci_002,insightspike,"Through query transformation and graph exploration, I discovered key insights about How do quantum tunneling and classical diffusion differ in their mechanisms?. Discovered: Quantum tunneling is probabilistic and instantaneous Discovered: Classical diffusion is deterministic and time-dependent. This demonstrates emergent understanding through knowledge synthesis.",1.2,0.8,0.75,0.85,0.9,7.0,2.0,True
sci_003,baseline_llm,"This is a baseline response to: What role does entropy play in both biological evolution and technological innovation?. Without additional context, I can only provide a general answer based on my training data.",0.5,0.3,0.2,0.25,0.1,,,
sci_003,rag,"Based on retrieved information: , here's my answer to 'What role does entropy play in both biological evolution and technological innovation?'. The RAG system found relevant context.",0.8,0.5,0.4,0.45,0.3,,,
sci_003,insightspike,"Through query transformation and graph exploration, I discovered key insights about What role does entropy play in both biological evolution and technological innovation?. Discovered: Both processes create local order at the cost of global entropy Discovered: Information and energy flow are crucial for maintaining complexity. This demonstrates emergent understanding through knowledge synthesis.",1.2,0.8,0.75,0.85,0.9,7.0,2.0,True
