insight_id,conversion_rank,converted_text,similarity_score,confidence_level,original_vector_text
INS_0001_0200_01,1,Computer vision systems can analyze medical images by optimizing performance and reducing costs.,0.0582856684923172,Low,基礎概念学習: システムが初期学習段階で大規模な情報獲得を実現。ΔGED=2.1001、ΔIG=44.6015という大幅な変化により、新しい概念的理解の基盤が形成された。
INS_0001_0200_01,2,Machine learning models require high-quality training data by optimizing performance and reducing costs.,0.021962877362966537,Low,基礎概念学習: システムが初期学習段階で大規模な情報獲得を実現。ΔGED=2.1001、ΔIG=44.6015という大幅な変化により、新しい概念的理解の基盤が形成された。
INS_0001_0200_01,3,Computer vision systems can analyze medical images with improved accuracy and real-time processing.,0.009767534211277962,Low,基礎概念学習: システムが初期学習段階で大規模な情報獲得を実現。ΔGED=2.1001、ΔIG=44.6015という大幅な変化により、新しい概念的理解の基盤が形成された。
INS_0001_0200_01,4,Computer vision systems can analyze medical images through integration with existing healthcare systems.,0.006805557757616043,Low,基礎概念学習: システムが初期学習段階で大規模な情報獲得を実現。ΔGED=2.1001、ΔIG=44.6015という大幅な変化により、新しい概念的理解の基盤が形成された。
INS_0001_0200_01,5,Computer vision systems can analyze medical images using innovative approaches and cutting-edge technology.,0.003437688574194908,Low,基礎概念学習: システムが初期学習段階で大規模な情報獲得を実現。ΔGED=2.1001、ΔIG=44.6015という大幅な変化により、新しい概念的理解の基盤が形成された。
INS_0201_0400_02,1,Computer vision systems can analyze medical images by optimizing performance and reducing costs.,0.07837352156639099,Low,構造的理解: 中期段階での構造的関係の理解が発展。ΔGED=2.0896、ΔIG=18.2872の変化により、概念間の階層的関係が明確になった。
INS_0201_0400_02,2,Computer vision systems can analyze medical images by leveraging large datasets and computational power.,0.051024340093135834,Low,構造的理解: 中期段階での構造的関係の理解が発展。ΔGED=2.0896、ΔIG=18.2872の変化により、概念間の階層的関係が明確になった。
INS_0201_0400_02,3,Computer vision systems can analyze medical images with improved accuracy and real-time processing.,0.04373360425233841,Low,構造的理解: 中期段階での構造的関係の理解が発展。ΔGED=2.0896、ΔIG=18.2872の変化により、概念間の階層的関係が明確になった。
INS_0201_0400_02,4,Computer vision systems can analyze medical images using innovative approaches and cutting-edge technology.,0.01642630062997341,Low,構造的理解: 中期段階での構造的関係の理解が発展。ΔGED=2.0896、ΔIG=18.2872の変化により、概念間の階層的関係が明確になった。
INS_0201_0400_02,5,Machine learning models require high-quality training data by optimizing performance and reducing costs.,0.013710400089621544,Low,構造的理解: 中期段階での構造的関係の理解が発展。ΔGED=2.0896、ΔIG=18.2872の変化により、概念間の階層的関係が明確になった。
INS_0401_0600_03,1,Computer vision systems can analyze medical images by optimizing performance and reducing costs.,0.08515122532844543,Low,概念統合: 獲得した概念の統合と体系化が進行。ΔGED=2.0845、ΔIG=8.9837の変化により、知識の構造化が実現された。
INS_0401_0600_03,2,Computer vision systems can analyze medical images through integration with existing healthcare systems.,0.05992453545331955,Low,概念統合: 獲得した概念の統合と体系化が進行。ΔGED=2.0845、ΔIG=8.9837の変化により、知識の構造化が実現された。
INS_0401_0600_03,3,Neural networks can model complex relationships by optimizing performance and reducing costs.,0.03231906145811081,Low,概念統合: 獲得した概念の統合と体系化が進行。ΔGED=2.0845、ΔIG=8.9837の変化により、知識の構造化が実現された。
INS_0401_0600_03,4,Automation improves efficiency in healthcare workflows by optimizing performance and reducing costs.,0.03062170371413231,Low,概念統合: 獲得した概念の統合と体系化が進行。ΔGED=2.0845、ΔIG=8.9837の変化により、知識の構造化が実現された。
INS_0401_0600_03,5,Computer vision systems can analyze medical images using innovative approaches and cutting-edge technology.,0.02495962381362915,Low,概念統合: 獲得した概念の統合と体系化が進行。ΔGED=2.0845、ΔIG=8.9837の変化により、知識の構造化が実現された。
INS_0601_0800_04,1,Computer vision systems can analyze medical images by optimizing performance and reducing costs.,0.0485699325799942,Low,専門知識獲得: 特化された専門的知識の獲得。ΔGED=2.0814、ΔIG=3.6017の変化により、深い理解レベルに到達した。
INS_0601_0800_04,2,Computer vision systems can analyze medical images by leveraging large datasets and computational power.,0.031718526035547256,Low,専門知識獲得: 特化された専門的知識の獲得。ΔGED=2.0814、ΔIG=3.6017の変化により、深い理解レベルに到達した。
INS_0601_0800_04,3,Neural networks can model complex relationships by optimizing performance and reducing costs.,0.029163861647248268,Low,専門知識獲得: 特化された専門的知識の獲得。ΔGED=2.0814、ΔIG=3.6017の変化により、深い理解レベルに到達した。
INS_0601_0800_04,4,Computer vision systems can analyze medical images with improved accuracy and real-time processing.,0.024619510397315025,Low,専門知識獲得: 特化された専門的知識の獲得。ΔGED=2.0814、ΔIG=3.6017の変化により、深い理解レベルに到達した。
INS_0601_0800_04,5,Computer vision systems can analyze medical images using innovative approaches and cutting-edge technology.,0.011181091889739037,Low,専門知識獲得: 特化された専門的知識の獲得。ΔGED=2.0814、ΔIG=3.6017の変化により、深い理解レベルに到達した。
INS_0801_1000_05,1,Computer vision systems can analyze medical images by optimizing performance and reducing costs.,0.09737970679998398,Low,知識精緻化: 継続的学習による知識の精緻化。ΔGED=2.0804、ΔIG=1.5295の変化により、既存知識の詳細化が進んだ。
INS_0801_1000_05,2,Computer vision systems can analyze medical images by leveraging large datasets and computational power.,0.061028461903333664,Low,知識精緻化: 継続的学習による知識の精緻化。ΔGED=2.0804、ΔIG=1.5295の変化により、既存知識の詳細化が進んだ。
INS_0801_1000_05,3,Machine learning models require high-quality training data by optimizing performance and reducing costs.,0.05551892891526222,Low,知識精緻化: 継続的学習による知識の精緻化。ΔGED=2.0804、ΔIG=1.5295の変化により、既存知識の詳細化が進んだ。
INS_0801_1000_05,4,Neural networks can model complex relationships by optimizing performance and reducing costs.,0.05397286266088486,Low,知識精緻化: 継続的学習による知識の精緻化。ΔGED=2.0804、ΔIG=1.5295の変化により、既存知識の詳細化が進んだ。
INS_0801_1000_05,5,Computer vision systems can analyze medical images with improved accuracy and real-time processing.,0.03930281102657318,Low,知識精緻化: 継続的学習による知識の精緻化。ΔGED=2.0804、ΔIG=1.5295の変化により、既存知識の詳細化が進んだ。
